timestamp,next_state_qr,next_state_cv,action_qr,action_cv,reward,efe,info_gain,pragmatic_value,elapsed,real_throughput_cv,real_throughput_qr,predicted_throughput_cv,predicted_throughput_qr,rmse_throughput_cv,rmse_throughput_qr
2025-07-21T19:33:52.150864,"FullStateDQN(data_quality=800, data_quality_target=900, throughput=37, throughput_target=60, model_size=1, model_size_target=1, cores=2, free_cores=4, bounds={'data_quality': {'min': 100, 'max': 1000}, 'cores': {'min': 1, 'max': 8}})","FullStateDQN(data_quality=288, data_quality_target=288, throughput=0, throughput_target=5, model_size=3, model_size_target=4, cores=2, free_cores=4, bounds={'model_size': {'min': 1, 'max': 5}, 'data_quality': {'min': 128, 'max': 320}, 'cores': {'min': 1, 'max': 8}})",INC_DATA_QUALITY,INC_DATA_QUALITY,0.8144276620370372,-1.0270812960305822,4.27666690676223,-15.303748202792814,64.90765523910522,0,37,2.8667092581364964,65.24329576985008,2.8667092581364964,28.24329576985008
2025-07-21T19:35:03.034537,"FullStateDQN(data_quality=800, data_quality_target=900, throughput=51, throughput_target=60, model_size=1, model_size_target=1, cores=3, free_cores=3, bounds={'data_quality': {'min': 100, 'max': 1000}, 'cores': {'min': 1, 'max': 8}})","FullStateDQN(data_quality=288, data_quality_target=288, throughput=0, throughput_target=5, model_size=3, model_size_target=4, cores=3, free_cores=2, bounds={'model_size': {'min': 1, 'max': 5}, 'data_quality': {'min': 128, 'max': 320}, 'cores': {'min': 1, 'max': 8}})",INC_CORES,INC_CORES,0.948140625,0.5322796216702557,5.920084626555397,-15.38780500488514,70.88359951972961,0,51,0.0,37.27366764729001,0.0,13.726332352709989
2025-07-21T19:36:06.028928,"FullStateDQN(data_quality=900, data_quality_target=900, throughput=40, throughput_target=60, model_size=1, model_size_target=1, cores=3, free_cores=2, bounds={'data_quality': {'min': 100, 'max': 1000}, 'cores': {'min': 1, 'max': 8}})","FullStateDQN(data_quality=288, data_quality_target=288, throughput=3, throughput_target=5, model_size=2, model_size_target=4, cores=3, free_cores=2, bounds={'model_size': {'min': 1, 'max': 5}, 'data_quality': {'min': 128, 'max': 320}, 'cores': {'min': 1, 'max': 8}})",INC_DATA_QUALITY,DEC_PRED_QUALITY,1.4545030377345936,-0.0542852786828547,3.5835197262022827,-13.63780500488515,62.99432015419006,2,40,3.9730190279559174,34.43882287172714,1.9730190279559174,5.56117712827286
2025-07-21T19:37:11.208562,"FullStateDQN(data_quality=900, data_quality_target=900, throughput=39, throughput_target=60, model_size=1, model_size_target=1, cores=3, free_cores=2, bounds={'data_quality': {'min': 100, 'max': 1000}, 'cores': {'min': 1, 'max': 8}})","FullStateDQN(data_quality=288, data_quality_target=288, throughput=4, throughput_target=5, model_size=2, model_size_target=4, cores=4, free_cores=1, bounds={'model_size': {'min': 1, 'max': 5}, 'data_quality': {'min': 128, 'max': 320}, 'cores': {'min': 1, 'max': 8}})",DILLY_DALLY,INC_CORES,1.6672576673642232,-0.0542852786828476,3.583519726202285,-13.63780500488514,65.1795597076416,3,39,2.8686601411862487,40.33107777832274,0.13133985881375132,1.3310777783227365
2025-07-21T19:38:16.595073,"FullStateDQN(data_quality=900, data_quality_target=900, throughput=57, throughput_target=60, model_size=1, model_size_target=1, cores=4, free_cores=0, bounds={'data_quality': {'min': 100, 'max': 1000}, 'cores': {'min': 1, 'max': 8}})","FullStateDQN(data_quality=288, data_quality_target=288, throughput=5, throughput_target=5, model_size=2, model_size_target=4, cores=4, free_cores=0, bounds={'model_size': {'min': 1, 'max': 5}, 'data_quality': {'min': 128, 'max': 320}, 'cores': {'min': 1, 'max': 8}})",INC_CORES,DILLY_DALLY,1.8565076673642231,1.599102062715387,4.969814087322178,-13.370712024606792,65.38643074035645,4,57,3.8122105274297544,58.61668891455274,0.18778947257024559,1.6166889145527392
2025-07-21T19:39:19.490328,"FullStateDQN(data_quality=900, data_quality_target=900, throughput=54, throughput_target=60, model_size=1, model_size_target=1, cores=4, free_cores=0, bounds={'data_quality': {'min': 100, 'max': 1000}, 'cores': {'min': 1, 'max': 8}})","FullStateDQN(data_quality=288, data_quality_target=288, throughput=4, throughput_target=5, model_size=2, model_size_target=4, cores=4, free_cores=0, bounds={'model_size': {'min': 1, 'max': 5}, 'data_quality': {'min': 128, 'max': 320}, 'cores': {'min': 1, 'max': 8}})",DILLY_DALLY,INC_CORES,1.7941326673642233,-0.570228476590529,3.583519726202285,-14.153748202792816,62.895179271698,4,54,5.339418752041917,56.558121683942986,1.339418752041917,2.5581216839429857
2025-07-21T19:40:22.526566,"FullStateDQN(data_quality=1000, data_quality_target=900, throughput=41, throughput_target=60, model_size=1, model_size_target=1, cores=4, free_cores=0, bounds={'data_quality': {'min': 100, 'max': 1000}, 'cores': {'min': 1, 'max': 8}})","FullStateDQN(data_quality=288, data_quality_target=288, throughput=5, throughput_target=5, model_size=2, model_size_target=4, cores=4, free_cores=0, bounds={'model_size': {'min': 1, 'max': 5}, 'data_quality': {'min': 128, 'max': 320}, 'cores': {'min': 1, 'max': 8}})",INC_DATA_QUALITY,DILLY_DALLY,1.741470630327186,-0.5702284765905272,3.5835197262022853,-14.153748202792814,63.03615713119507,5,41,6.221456086856831,38.22489818743002,1.221456086856831,2.7751018125699787
2025-07-21T19:41:25.283999,"FullStateDQN(data_quality=1000, data_quality_target=900, throughput=40, throughput_target=60, model_size=1, model_size_target=1, cores=4, free_cores=0, bounds={'data_quality': {'min': 100, 'max': 1000}, 'cores': {'min': 1, 'max': 8}})","FullStateDQN(data_quality=288, data_quality_target=288, throughput=4, throughput_target=5, model_size=2, model_size_target=4, cores=4, free_cores=0, bounds={'model_size': {'min': 1, 'max': 5}, 'data_quality': {'min': 128, 'max': 320}, 'cores': {'min': 1, 'max': 8}})",DILLY_DALLY,INC_CORES,1.6785030377345938,-0.5702284765905272,3.5835197262022853,-14.153748202792814,62.75735092163086,4,40,2.6833923977432237,37.50667348618595,1.3166076022567763,2.493326513814047
2025-07-21T19:42:28.795164,"FullStateDQN(data_quality=1000, data_quality_target=900, throughput=48, throughput_target=60, model_size=1, model_size_target=1, cores=4, free_cores=0, bounds={'data_quality': {'min': 100, 'max': 1000}, 'cores': {'min': 1, 'max': 8}})","FullStateDQN(data_quality=288, data_quality_target=288, throughput=4, throughput_target=5, model_size=2, model_size_target=4, cores=3, free_cores=1, bounds={'model_size': {'min': 1, 'max': 5}, 'data_quality': {'min': 128, 'max': 320}, 'cores': {'min': 1, 'max': 8}})",INC_CORES,DEC_CORES,1.6561326673642234,-0.5702284765905237,3.583519726202285,-14.153748202792814,63.51105237007141,4,48,4.215987437414808,31.837791085394137,0.21598743741480764,16.162208914605863
2025-07-21T19:43:34.597837,"FullStateDQN(data_quality=900, data_quality_target=900, throughput=52, throughput_target=60, model_size=1, model_size_target=1, cores=4, free_cores=1, bounds={'data_quality': {'min': 100, 'max': 1000}, 'cores': {'min': 1, 'max': 8}})","FullStateDQN(data_quality=288, data_quality_target=288, throughput=3, throughput_target=5, model_size=2, model_size_target=4, cores=3, free_cores=1, bounds={'model_size': {'min': 1, 'max': 5}, 'data_quality': {'min': 128, 'max': 320}, 'cores': {'min': 1, 'max': 8}})",DEC_DATA_QUALITY,DILLY_DALLY,1.659836371067927,1.6195096062407544,4.969814087322176,-13.350304481081425,65.80257773399353,3,52,2.5982551226813477,42.66631841172222,0.40174487731865227,9.333681588277777
2025-07-21T19:44:38.164850,"FullStateDQN(data_quality=900, data_quality_target=900, throughput=43, throughput_target=60, model_size=1, model_size_target=1, cores=3, free_cores=2, bounds={'data_quality': {'min': 100, 'max': 1000}, 'cores': {'min': 1, 'max': 8}})","FullStateDQN(data_quality=288, data_quality_target=288, throughput=4, throughput_target=5, model_size=2, model_size_target=4, cores=4, free_cores=1, bounds={'model_size': {'min': 1, 'max': 5}, 'data_quality': {'min': 128, 'max': 320}, 'cores': {'min': 1, 'max': 8}})",DEC_CORES,INC_CORES,1.610461371067927,0.7332152451208511,3.5835197262022858,-12.850304481081444,63.5669047832489,4,43,4.5936601289020595,48.795809472659336,0.5936601289020595,5.795809472659336
2025-07-21T19:45:45.496126,"FullStateDQN(data_quality=900, data_quality_target=900, throughput=49, throughput_target=60, model_size=1, model_size_target=1, cores=4, free_cores=0, bounds={'data_quality': {'min': 100, 'max': 1000}, 'cores': {'min': 1, 'max': 8}})","FullStateDQN(data_quality=288, data_quality_target=288, throughput=3, throughput_target=5, model_size=2, model_size_target=4, cores=4, free_cores=0, bounds={'model_size': {'min': 1, 'max': 5}, 'data_quality': {'min': 128, 'max': 320}, 'cores': {'min': 1, 'max': 8}})",INC_CORES,DILLY_DALLY,1.6398780377345936,1.1078855343584717,4.708190015439899,-13.600304481081425,67.33120369911194,3,49,6.210821190202509,49.67106401215319,3.210821190202509,0.6710640121531881
2025-07-21T19:46:50.888429,"FullStateDQN(data_quality=1000, data_quality_target=900, throughput=43, throughput_target=60, model_size=1, model_size_target=1, cores=4, free_cores=0, bounds={'data_quality': {'min': 100, 'max': 1000}, 'cores': {'min': 1, 'max': 8}})","FullStateDQN(data_quality=288, data_quality_target=288, throughput=3, throughput_target=5, model_size=2, model_size_target=4, cores=3, free_cores=1, bounds={'model_size': {'min': 1, 'max': 5}, 'data_quality': {'min': 128, 'max': 320}, 'cores': {'min': 1, 'max': 8}})",INC_DATA_QUALITY,DEC_CORES,1.4864613710679269,-0.570228476590529,3.5835197262022858,-14.15374820279282,65.39221286773682,3,43,3.5963811328067097,50.95631356813899,0.5963811328067097,7.956313568138988
2025-07-21T19:47:57.524471,"FullStateDQN(data_quality=900, data_quality_target=900, throughput=52, throughput_target=60, model_size=1, model_size_target=1, cores=4, free_cores=1, bounds={'data_quality': {'min': 100, 'max': 1000}, 'cores': {'min': 1, 'max': 8}})","FullStateDQN(data_quality=288, data_quality_target=288, throughput=4, throughput_target=5, model_size=2, model_size_target=4, cores=4, free_cores=0, bounds={'model_size': {'min': 1, 'max': 5}, 'data_quality': {'min': 128, 'max': 320}, 'cores': {'min': 1, 'max': 8}})",DEC_DATA_QUALITY,INC_CORES,1.683836371067927,1.6704600259503677,4.949335935603217,-13.27887590965285,66.63596057891846,4,52,0.9357810772046524,48.81081295615247,3.0642189227953476,3.1891870438475323
2025-07-21T19:49:02.955962,"FullStateDQN(data_quality=900, data_quality_target=900, throughput=37, throughput_target=60, model_size=1, model_size_target=1, cores=3, free_cores=1, bounds={'data_quality': {'min': 100, 'max': 1000}, 'cores': {'min': 1, 'max': 8}})","FullStateDQN(data_quality=288, data_quality_target=288, throughput=4, throughput_target=5, model_size=2, model_size_target=4, cores=4, free_cores=1, bounds={'model_size': {'min': 1, 'max': 5}, 'data_quality': {'min': 128, 'max': 320}, 'cores': {'min': 1, 'max': 8}})",DEC_CORES,DILLY_DALLY,1.6440447044012605,-0.5702284765905237,3.5835197262022858,-14.15374820279281,65.43142342567444,4,37,3.845727465862172,37.726901831406764,0.15427253413782793,0.7269018314067637
2025-07-21T19:50:06.380064,"FullStateDQN(data_quality=900, data_quality_target=900, throughput=53, throughput_target=60, model_size=1, model_size_target=1, cores=4, free_cores=0, bounds={'data_quality': {'min': 100, 'max': 1000}, 'cores': {'min': 1, 'max': 8}})","FullStateDQN(data_quality=256, data_quality_target=288, throughput=5, throughput_target=5, model_size=2, model_size_target=4, cores=4, free_cores=0, bounds={'model_size': {'min': 1, 'max': 5}, 'data_quality': {'min': 128, 'max': 320}, 'cores': {'min': 1, 'max': 8}})",INC_CORES,DEC_DATA_QUALITY,1.700832520705512,-0.6886384512994379,3.5354160297820467,-13.924054481081498,63.4240038394928,5,53,4.634935247297417,50.41535566255548,0.3650647527025832,2.584644337444523
2025-07-21T19:51:09.888297,"FullStateDQN(data_quality=1000, data_quality_target=900, throughput=40, throughput_target=60, model_size=1, model_size_target=1, cores=4, free_cores=0, bounds={'data_quality': {'min': 100, 'max': 1000}, 'cores': {'min': 1, 'max': 8}})","FullStateDQN(data_quality=288, data_quality_target=288, throughput=4, throughput_target=5, model_size=2, model_size_target=4, cores=4, free_cores=0, bounds={'model_size': {'min': 1, 'max': 5}, 'data_quality': {'min': 128, 'max': 320}, 'cores': {'min': 1, 'max': 8}})",INC_DATA_QUALITY,INC_DATA_QUALITY,1.5785030377345937,-0.5702284765905254,3.583519726202285,-14.153748202792812,63.50815105438232,4,40,5.8828352464060645,37.213276959033315,1.8828352464060645,2.7867230409666846
2025-07-21T19:52:14.424954,"FullStateDQN(data_quality=1000, data_quality_target=900, throughput=32, throughput_target=60, model_size=1, model_size_target=1, cores=3, free_cores=1, bounds={'data_quality': {'min': 100, 'max': 1000}, 'cores': {'min': 1, 'max': 8}})","FullStateDQN(data_quality=256, data_quality_target=288, throughput=6, throughput_target=5, model_size=2, model_size_target=4, cores=4, free_cores=1, bounds={'model_size': {'min': 1, 'max': 5}, 'data_quality': {'min': 128, 'max': 320}, 'cores': {'min': 1, 'max': 8}})",DEC_CORES,DEC_DATA_QUALITY,1.4946241873721786,-0.7502284765905234,3.583519726202285,-14.333748202792814,64.53657054901123,6,32,5.194676060959472,27.490348815437475,0.8053239390405276,4.509651184562525
2025-07-21T19:53:18.498425,"FullStateDQN(data_quality=900, data_quality_target=900, throughput=39, throughput_target=60, model_size=1, model_size_target=1, cores=3, free_cores=1, bounds={'data_quality': {'min': 100, 'max': 1000}, 'cores': {'min': 1, 'max': 8}})","FullStateDQN(data_quality=256, data_quality_target=288, throughput=5, throughput_target=5, model_size=2, model_size_target=4, cores=3, free_cores=2, bounds={'model_size': {'min': 1, 'max': 5}, 'data_quality': {'min': 128, 'max': 320}, 'cores': {'min': 1, 'max': 8}})",DEC_DATA_QUALITY,DEC_CORES,1.5787862244092157,0.7463624256808092,4.276666906762229,-13.530304481081425,64.07336473464966,5,39,2.022709737101533,36.97719197826281,2.977290262898467,2.022808021737191
2025-07-21T19:54:21.728756,"FullStateDQN(data_quality=1000, data_quality_target=900, throughput=31, throughput_target=60, model_size=1, model_size_target=1, cores=3, free_cores=2, bounds={'data_quality': {'min': 100, 'max': 1000}, 'cores': {'min': 1, 'max': 8}})","FullStateDQN(data_quality=288, data_quality_target=288, throughput=3, throughput_target=5, model_size=2, model_size_target=4, cores=3, free_cores=2, bounds={'model_size': {'min': 1, 'max': 5}, 'data_quality': {'min': 128, 'max': 320}, 'cores': {'min': 1, 'max': 8}})",INC_DATA_QUALITY,INC_DATA_QUALITY,1.3466280377345936,-0.3928161732961168,3.459222190403516,-13.137752649413896,63.230247259140015,3,31,2.292820827876224,30.402228412232773,0.7071791721237761,0.5977715877672267
2025-07-21T19:55:26.938364,"FullStateDQN(data_quality=900, data_quality_target=900, throughput=34, throughput_target=60, model_size=1, model_size_target=1, cores=3, free_cores=2, bounds={'data_quality': {'min': 100, 'max': 1000}, 'cores': {'min': 1, 'max': 8}})","FullStateDQN(data_quality=288, data_quality_target=288, throughput=5, throughput_target=5, model_size=2, model_size_target=4, cores=4, free_cores=1, bounds={'model_size': {'min': 1, 'max': 5}, 'data_quality': {'min': 128, 'max': 320}, 'cores': {'min': 1, 'max': 8}})",DEC_DATA_QUALITY,INC_CORES,1.559836371067927,0.2686837434551705,3.583519726202285,-13.314835982747116,65.2095160484314,5,34,3.729228450516204,28.51092189298238,1.2707715494837961,5.489078107017619
2025-07-21T19:56:33.175484,"FullStateDQN(data_quality=900, data_quality_target=900, throughput=53, throughput_target=60, model_size=1, model_size_target=1, cores=4, free_cores=0, bounds={'data_quality': {'min': 100, 'max': 1000}, 'cores': {'min': 1, 'max': 8}})","FullStateDQN(data_quality=288, data_quality_target=288, throughput=4, throughput_target=5, model_size=2, model_size_target=4, cores=4, free_cores=0, bounds={'model_size': {'min': 1, 'max': 5}, 'data_quality': {'min': 128, 'max': 320}, 'cores': {'min': 1, 'max': 8}})",INC_CORES,DILLY_DALLY,1.7893039636605197,1.5530746564151814,4.759148368265939,-12.308637814414826,66.23703646659851,4,53,4.087991789609037,43.80724189960982,0.08799178960903742,9.19275810039018
2025-07-21T19:57:36.571771,"FullStateDQN(data_quality=900, data_quality_target=900, throughput=42, throughput_target=60, model_size=1, model_size_target=1, cores=3, free_cores=1, bounds={'data_quality': {'min': 100, 'max': 1000}, 'cores': {'min': 1, 'max': 8}})","FullStateDQN(data_quality=256, data_quality_target=288, throughput=5, throughput_target=5, model_size=2, model_size_target=4, cores=4, free_cores=1, bounds={'model_size': {'min': 1, 'max': 5}, 'data_quality': {'min': 128, 'max': 320}, 'cores': {'min': 1, 'max': 8}})",DEC_CORES,DEC_DATA_QUALITY,1.6116612244092154,-0.7502284765905305,3.583519726202285,-14.33374820279282,63.39621067047119,5,42,4.739967341505953,22.99848337970622,0.26003265849404666,19.00151662029378
2025-07-21T19:58:40.018625,"FullStateDQN(data_quality=900, data_quality_target=900, throughput=40, throughput_target=60, model_size=1, model_size_target=1, cores=3, free_cores=1, bounds={'data_quality': {'min': 100, 'max': 1000}, 'cores': {'min': 1, 'max': 8}})","FullStateDQN(data_quality=256, data_quality_target=288, throughput=5, throughput_target=5, model_size=2, model_size_target=4, cores=3, free_cores=2, bounds={'model_size': {'min': 1, 'max': 5}, 'data_quality': {'min': 128, 'max': 320}, 'cores': {'min': 1, 'max': 8}})",DILLY_DALLY,DEC_CORES,1.690031594779586,-0.3086347183391247,4.009368175440864,-13.127526703303795,63.44676089286804,5,40,4.602292350160329,46.96324276519388,0.39770764983967144,6.963242765193883
2025-07-21T19:59:44.405763,"FullStateDQN(data_quality=900, data_quality_target=900, throughput=52, throughput_target=60, model_size=1, model_size_target=1, cores=4, free_cores=1, bounds={'data_quality': {'min': 100, 'max': 1000}, 'cores': {'min': 1, 'max': 8}})","FullStateDQN(data_quality=288, data_quality_target=288, throughput=3, throughput_target=5, model_size=2, model_size_target=4, cores=3, free_cores=1, bounds={'model_size': {'min': 1, 'max': 5}, 'data_quality': {'min': 128, 'max': 320}, 'cores': {'min': 1, 'max': 8}})",INC_CORES,INC_DATA_QUALITY,1.5598363710679268,-0.3928161732960742,3.459222190403529,-13.137752649413898,64.3870587348938,3,52,3.6282638362463238,47.604430576002756,0.6282638362463238,4.3955694239972445
2025-07-21T20:00:47.269593,"FullStateDQN(data_quality=900, data_quality_target=900, throughput=43, throughput_target=60, model_size=1, model_size_target=1, cores=3, free_cores=2, bounds={'data_quality': {'min': 100, 'max': 1000}, 'cores': {'min': 1, 'max': 8}})","FullStateDQN(data_quality=288, data_quality_target=288, throughput=4, throughput_target=5, model_size=2, model_size_target=4, cores=4, free_cores=1, bounds={'model_size': {'min': 1, 'max': 5}, 'data_quality': {'min': 128, 'max': 320}, 'cores': {'min': 1, 'max': 8}})",DEC_CORES,INC_CORES,1.610461371067927,1.607885534358461,4.708190015439887,-13.100304481081428,62.86373591423035,4,43,2.5077455245642564,37.53372969569108,1.4922544754357436,5.466270304308921
2025-07-21T20:01:51.135771,"FullStateDQN(data_quality=900, data_quality_target=900, throughput=58, throughput_target=60, model_size=1, model_size_target=1, cores=4, free_cores=0, bounds={'data_quality': {'min': 100, 'max': 1000}, 'cores': {'min': 1, 'max': 8}})","FullStateDQN(data_quality=256, data_quality_target=288, throughput=5, throughput_target=5, model_size=2, model_size_target=4, cores=4, free_cores=0, bounds={'model_size': {'min': 1, 'max': 5}, 'data_quality': {'min': 128, 'max': 320}, 'cores': {'min': 1, 'max': 8}})",INC_CORES,DEC_DATA_QUALITY,1.718031594779586,-0.4467847548791468,3.583519726202285,-14.030304481081435,63.86605954170227,5,58,5.186962576069573,53.93430464074983,0.18696257606957278,4.065695359250171
2025-07-21T20:02:54.410053,"FullStateDQN(data_quality=1000, data_quality_target=900, throughput=40, throughput_target=60, model_size=1, model_size_target=1, cores=4, free_cores=0, bounds={'data_quality': {'min': 100, 'max': 1000}, 'cores': {'min': 1, 'max': 8}})","FullStateDQN(data_quality=288, data_quality_target=288, throughput=4, throughput_target=5, model_size=2, model_size_target=4, cores=4, free_cores=0, bounds={'model_size': {'min': 1, 'max': 5}, 'data_quality': {'min': 128, 'max': 320}, 'cores': {'min': 1, 'max': 8}})",INC_DATA_QUALITY,INC_DATA_QUALITY,1.5785030377345937,-0.5702284765905237,3.583519726202285,-14.153748202792814,63.27420449256897,4,40,3.684724537748552,54.75566067656487,0.315275462251448,14.755660676564872
2025-07-21T20:03:59.954877,"FullStateDQN(data_quality=900, data_quality_target=900, throughput=59, throughput_target=60, model_size=1, model_size_target=1, cores=4, free_cores=0, bounds={'data_quality': {'min': 100, 'max': 1000}, 'cores': {'min': 1, 'max': 8}})","FullStateDQN(data_quality=256, data_quality_target=288, throughput=6, throughput_target=5, model_size=2, model_size_target=4, cores=4, free_cores=0, bounds={'model_size': {'min': 1, 'max': 5}, 'data_quality': {'min': 128, 'max': 320}, 'cores': {'min': 1, 'max': 8}})",DEC_DATA_QUALITY,DEC_DATA_QUALITY,1.7192491873721785,-0.7502284765905234,3.583519726202285,-14.333748202792814,65.5447096824646,6,59,4.96239873082167,54.09552814480876,1.0376012691783298,4.90447185519124
2025-07-21T20:05:03.227223,"FullStateDQN(data_quality=900, data_quality_target=900, throughput=42, throughput_target=60, model_size=1, model_size_target=1, cores=3, free_cores=1, bounds={'data_quality': {'min': 100, 'max': 1000}, 'cores': {'min': 1, 'max': 8}})","FullStateDQN(data_quality=288, data_quality_target=288, throughput=4, throughput_target=5, model_size=2, model_size_target=4, cores=4, free_cores=1, bounds={'model_size': {'min': 1, 'max': 5}, 'data_quality': {'min': 128, 'max': 320}, 'cores': {'min': 1, 'max': 8}})",DEC_CORES,INC_DATA_QUALITY,1.600132667364223,-0.5702284765905254,3.583519726202285,-14.153748202792816,63.27226614952088,4,42,3.0778190897023707,50.60436769240697,0.9221809102976293,8.604367692406967
2025-07-21T20:06:07.037572,"FullStateDQN(data_quality=1000, data_quality_target=900, throughput=30, throughput_target=60, model_size=1, model_size_target=1, cores=3, free_cores=1, bounds={'data_quality': {'min': 100, 'max': 1000}, 'cores': {'min': 1, 'max': 8}})","FullStateDQN(data_quality=288, data_quality_target=288, throughput=3, throughput_target=5, model_size=2, model_size_target=4, cores=3, free_cores=2, bounds={'model_size': {'min': 1, 'max': 5}, 'data_quality': {'min': 128, 'max': 320}, 'cores': {'min': 1, 'max': 8}})",INC_DATA_QUALITY,DEC_CORES,1.334132667364223,-0.8958032101267515,3.94170365190724,-12.456554481081618,63.81027269363403,3,30,2.7862569013018286,45.957328982643546,0.21374309869817143,15.957328982643546
2025-07-21T20:07:11.569882,"FullStateDQN(data_quality=1000, data_quality_target=900, throughput=14, throughput_target=60, model_size=1, model_size_target=1, cores=2, free_cores=3, bounds={'data_quality': {'min': 100, 'max': 1000}, 'cores': {'min': 1, 'max': 8}})","FullStateDQN(data_quality=288, data_quality_target=288, throughput=3, throughput_target=5, model_size=2, model_size_target=4, cores=4, free_cores=2, bounds={'model_size': {'min': 1, 'max': 5}, 'data_quality': {'min': 128, 'max': 320}, 'cores': {'min': 1, 'max': 8}})",DEC_CORES,INC_CORES,1.1530956303271862,1.1549781045750382,4.969814087322173,-13.814835982747136,64.53222036361694,3,34,5.738650894750844,31.76991318573798,2.738650894750844,2.2300868142620196
2025-07-21T20:08:16.226822,"FullStateDQN(data_quality=900, data_quality_target=900, throughput=30, throughput_target=60, model_size=1, model_size_target=1, cores=2, free_cores=2, bounds={'data_quality': {'min': 100, 'max': 1000}, 'cores': {'min': 1, 'max': 8}})","FullStateDQN(data_quality=256, data_quality_target=288, throughput=5, throughput_target=5, model_size=2, model_size_target=4, cores=4, free_cores=2, bounds={'model_size': {'min': 1, 'max': 5}, 'data_quality': {'min': 128, 'max': 320}, 'cores': {'min': 1, 'max': 8}})",DEC_DATA_QUALITY,DEC_DATA_QUALITY,1.4696612244092155,-0.0280826409535954,3.5835197262022827,-13.611602367155893,64.65686917304993,5,40,5.295651043115578,43.37176282931292,0.2956510431155781,3.371762829312921
2025-07-21T20:09:21.218167,"FullStateDQN(data_quality=900, data_quality_target=900, throughput=14, throughput_target=60, model_size=1, model_size_target=1, cores=1, free_cores=3, bounds={'data_quality': {'min': 100, 'max': 1000}, 'cores': {'min': 1, 'max': 8}})","FullStateDQN(data_quality=256, data_quality_target=288, throughput=5, throughput_target=5, model_size=2, model_size_target=4, cores=3, free_cores=4, bounds={'model_size': {'min': 1, 'max': 5}, 'data_quality': {'min': 128, 'max': 320}, 'cores': {'min': 1, 'max': 8}})",DEC_CORES,DEC_CORES,1.2886241873721789,-0.028082640953583,3.583519726202286,-13.611602367155868,64.9912645816803,5,44,5.586221436916958,40.737179584805915,0.5862214369169578,3.262820415194085
2025-07-21T20:10:25.342235,"FullStateDQN(data_quality=900, data_quality_target=900, throughput=28, throughput_target=60, model_size=1, model_size_target=1, cores=2, free_cores=3, bounds={'data_quality': {'min': 100, 'max': 1000}, 'cores': {'min': 1, 'max': 8}})","FullStateDQN(data_quality=256, data_quality_target=288, throughput=5, throughput_target=5, model_size=2, model_size_target=4, cores=4, free_cores=2, bounds={'model_size': {'min': 1, 'max': 5}, 'data_quality': {'min': 128, 'max': 320}, 'cores': {'min': 1, 'max': 8}})",INC_CORES,INC_CORES,1.444698261446253,1.2536652703403115,4.969814087322174,-13.716148816981864,64.12398314476013,5,38,5.630274586376208,36.847779948553246,0.630274586376208,1.1522200514467542
2025-07-21T20:11:30.637274,"FullStateDQN(data_quality=900, data_quality_target=900, throughput=34, throughput_target=60, model_size=1, model_size_target=1, cores=2, free_cores=2, bounds={'data_quality': {'min': 100, 'max': 1000}, 'cores': {'min': 1, 'max': 8}})","FullStateDQN(data_quality=256, data_quality_target=288, throughput=5, throughput_target=5, model_size=2, model_size_target=4, cores=3, free_cores=3, bounds={'model_size': {'min': 1, 'max': 5}, 'data_quality': {'min': 128, 'max': 320}, 'cores': {'min': 1, 'max': 8}})",DILLY_DALLY,DEC_CORES,1.6193649281129194,0.4297060538392312,4.1458548708210925,-13.71614881698186,65.29496502876282,5,34,5.881403421632659,37.32456235930801,0.8814034216326592,3.324562359308011
2025-07-21T20:12:34.820836,"FullStateDQN(data_quality=1000, data_quality_target=900, throughput=13, throughput_target=60, model_size=1, model_size_target=1, cores=2, free_cores=3, bounds={'data_quality': {'min': 100, 'max': 1000}, 'cores': {'min': 1, 'max': 8}})","FullStateDQN(data_quality=256, data_quality_target=288, throughput=6, throughput_target=5, model_size=2, model_size_target=4, cores=4, free_cores=2, bounds={'model_size': {'min': 1, 'max': 5}, 'data_quality': {'min': 128, 'max': 320}, 'cores': {'min': 1, 'max': 8}})",INC_DATA_QUALITY,INC_CORES,1.279906594779586,0.5605180897803717,4.27666690676223,-13.716148816981857,64.18348336219788,6,43,6.711624121265541,38.99975991746502,0.7116241212655412,4.0002400825349795
2025-07-21T20:13:38.189763,"FullStateDQN(data_quality=1000, data_quality_target=900, throughput=31, throughput_target=60, model_size=1, model_size_target=1, cores=3, free_cores=1, bounds={'data_quality': {'min': 100, 'max': 1000}, 'cores': {'min': 1, 'max': 8}})","FullStateDQN(data_quality=256, data_quality_target=288, throughput=4, throughput_target=5, model_size=2, model_size_target=4, cores=3, free_cores=2, bounds={'model_size': {'min': 1, 'max': 5}, 'data_quality': {'min': 128, 'max': 320}, 'cores': {'min': 1, 'max': 8}})",INC_CORES,DEC_CORES,1.4301565947795858,1.2536652703403206,4.969814087322183,-13.71614881698186,63.368857622146606,4,41,4.01876041338732,42.76220924606006,0.018760413387320263,1.7622092460600598
2025-07-21T20:14:41.562499,"FullStateDQN(data_quality=1000, data_quality_target=900, throughput=14, throughput_target=60, model_size=1, model_size_target=1, cores=2, free_cores=3, bounds={'data_quality': {'min': 100, 'max': 1000}, 'cores': {'min': 1, 'max': 8}})","FullStateDQN(data_quality=256, data_quality_target=288, throughput=5, throughput_target=5, model_size=2, model_size_target=4, cores=4, free_cores=2, bounds={'model_size': {'min': 1, 'max': 5}, 'data_quality': {'min': 128, 'max': 320}, 'cores': {'min': 1, 'max': 8}})",DEC_CORES,INC_CORES,1.2886241873721789,0.2908260678747769,4.845516551523411,-13.539065483648637,63.37264084815979,5,49,4.733742848857995,52.00286622316478,0.2662571511420051,3.00286622316478
2025-07-21T20:15:44.286856,"FullStateDQN(data_quality=1000, data_quality_target=900, throughput=31, throughput_target=60, model_size=1, model_size_target=1, cores=3, free_cores=1, bounds={'data_quality': {'min': 100, 'max': 1000}, 'cores': {'min': 1, 'max': 8}})","FullStateDQN(data_quality=288, data_quality_target=288, throughput=4, throughput_target=5, model_size=2, model_size_target=4, cores=4, free_cores=1, bounds={'model_size': {'min': 1, 'max': 5}, 'data_quality': {'min': 128, 'max': 320}, 'cores': {'min': 1, 'max': 8}})",INC_CORES,INC_DATA_QUALITY,1.4706280377345935,0.0473709092204206,3.583519726202286,-13.536148816981877,62.72427201271057,4,51,2.3651022590248973,44.26280282525899,1.6348977409751027,6.737197174741013
2025-07-21T20:16:47.323600,"FullStateDQN(data_quality=900, data_quality_target=900, throughput=46, throughput_target=60, model_size=1, model_size_target=1, cores=3, free_cores=1, bounds={'data_quality': {'min': 100, 'max': 1000}, 'cores': {'min': 1, 'max': 8}})","FullStateDQN(data_quality=288, data_quality_target=288, throughput=3, throughput_target=5, model_size=2, model_size_target=4, cores=3, free_cores=2, bounds={'model_size': {'min': 1, 'max': 5}, 'data_quality': {'min': 128, 'max': 320}, 'cores': {'min': 1, 'max': 8}})",DEC_DATA_QUALITY,DEC_CORES,1.5151697044012602,-0.274710228098229,4.066001187706005,-12.674044749137591,63.03667712211609,3,57,4.249964891883933,48.77699786486203,1.2499648918839332,8.223002135137968
2025-07-21T20:17:51.266317,"FullStateDQN(data_quality=1000, data_quality_target=900, throughput=30, throughput_target=60, model_size=1, model_size_target=1, cores=3, free_cores=2, bounds={'data_quality': {'min': 100, 'max': 1000}, 'cores': {'min': 1, 'max': 8}})","FullStateDQN(data_quality=288, data_quality_target=288, throughput=4, throughput_target=5, model_size=2, model_size_target=4, cores=4, free_cores=1, bounds={'model_size': {'min': 1, 'max': 5}, 'data_quality': {'min': 128, 'max': 320}, 'cores': {'min': 1, 'max': 8}})",INC_DATA_QUALITY,INC_CORES,1.4581326673642232,-0.6141290075308703,3.459222190403516,-13.359065483648642,63.942649602890015,4,63,4.901656037104645,59.58353302040844,0.9016560371046447,3.4164669795915614
2025-07-21T20:18:56.727495,"FullStateDQN(data_quality=900, data_quality_target=900, throughput=43, throughput_target=60, model_size=1, model_size_target=1, cores=3, free_cores=1, bounds={'data_quality': {'min': 100, 'max': 1000}, 'cores': {'min': 1, 'max': 8}})","FullStateDQN(data_quality=256, data_quality_target=288, throughput=6, throughput_target=5, model_size=2, model_size_target=4, cores=4, free_cores=1, bounds={'model_size': {'min': 1, 'max': 5}, 'data_quality': {'min': 128, 'max': 320}, 'cores': {'min': 1, 'max': 8}})",DEC_DATA_QUALITY,DEC_DATA_QUALITY,1.6219899281129193,0.794442930735622,4.642932124317584,-13.848489193581964,65.46110272407532,6,53,4.230171958336003,57.670402626330585,1.769828041663997,4.670402626330585
2025-07-21T20:19:59.435592,"FullStateDQN(data_quality=900, data_quality_target=900, throughput=53, throughput_target=60, model_size=1, model_size_target=1, cores=4, free_cores=0, bounds={'data_quality': {'min': 100, 'max': 1000}, 'cores': {'min': 1, 'max': 8}})","FullStateDQN(data_quality=288, data_quality_target=288, throughput=3, throughput_target=5, model_size=2, model_size_target=4, cores=4, free_cores=0, bounds={'model_size': {'min': 1, 'max': 5}, 'data_quality': {'min': 128, 'max': 320}, 'cores': {'min': 1, 'max': 8}})",INC_CORES,INC_DATA_QUALITY,1.5653039636605195,-0.3071916896018916,3.583519726202286,-13.89071141580418,62.70802879333496,3,53,3.7979890053460537,50.600394649853854,0.7979890053460537,2.399605350146146
2025-07-21T20:21:03.394034,"FullStateDQN(data_quality=1000, data_quality_target=900, throughput=41, throughput_target=60, model_size=1, model_size_target=1, cores=4, free_cores=0, bounds={'data_quality': {'min': 100, 'max': 1000}, 'cores': {'min': 1, 'max': 8}})","FullStateDQN(data_quality=256, data_quality_target=288, throughput=5, throughput_target=5, model_size=2, model_size_target=4, cores=4, free_cores=0, bounds={'model_size': {'min': 1, 'max': 5}, 'data_quality': {'min': 128, 'max': 320}, 'cores': {'min': 1, 'max': 8}})",INC_DATA_QUALITY,DEC_DATA_QUALITY,1.6009991873721785,-0.7502284765905305,3.583519726202285,-14.333748202792824,63.9583740234375,5,61,5.588034386338514,61.119812350091095,0.5880343863385136,0.11981235009109525
2025-07-21T20:22:06.505222,"FullStateDQN(data_quality=900, data_quality_target=900, throughput=51, throughput_target=60, model_size=1, model_size_target=1, cores=4, free_cores=0, bounds={'data_quality': {'min': 100, 'max': 1000}, 'cores': {'min': 1, 'max': 8}})","FullStateDQN(data_quality=288, data_quality_target=288, throughput=4, throughput_target=5, model_size=2, model_size_target=4, cores=4, free_cores=0, bounds={'model_size': {'min': 1, 'max': 5}, 'data_quality': {'min': 128, 'max': 320}, 'cores': {'min': 1, 'max': 8}})",DEC_DATA_QUALITY,INC_DATA_QUALITY,1.6777576673642232,-0.5702284765905237,3.583519726202285,-14.153748202792814,63.11110806465149,4,51,3.975294829651487,58.014827619607104,0.02470517034851305,7.014827619607104
2025-07-21T20:23:09.522312,"FullStateDQN(data_quality=1000, data_quality_target=900, throughput=42, throughput_target=60, model_size=1, model_size_target=1, cores=4, free_cores=0, bounds={'data_quality': {'min': 100, 'max': 1000}, 'cores': {'min': 1, 'max': 8}})","FullStateDQN(data_quality=256, data_quality_target=288, throughput=6, throughput_target=5, model_size=2, model_size_target=4, cores=4, free_cores=0, bounds={'model_size': {'min': 1, 'max': 5}, 'data_quality': {'min': 128, 'max': 320}, 'cores': {'min': 1, 'max': 8}})",INC_DATA_QUALITY,DEC_DATA_QUALITY,1.6116612244092154,-0.7502284765905234,3.583519726202285,-14.333748202792814,63.01700305938721,6,62,5.659033218885843,59.24068331015653,0.34096678111415724,2.759316689843473
2025-07-21T20:24:12.843398,"FullStateDQN(data_quality=900, data_quality_target=900, throughput=52, throughput_target=60, model_size=1, model_size_target=1, cores=4, free_cores=0, bounds={'data_quality': {'min': 100, 'max': 1000}, 'cores': {'min': 1, 'max': 8}})","FullStateDQN(data_quality=288, data_quality_target=288, throughput=4, throughput_target=5, model_size=2, model_size_target=4, cores=4, free_cores=0, bounds={'model_size': {'min': 1, 'max': 5}, 'data_quality': {'min': 128, 'max': 320}, 'cores': {'min': 1, 'max': 8}})",DEC_DATA_QUALITY,INC_DATA_QUALITY,1.683836371067927,-0.5702284765905237,3.583519726202285,-14.153748202792814,63.32099986076355,4,52,2.8007033394252625,47.29867358292384,1.1992966605747375,4.70132641707616
2025-07-21T20:25:16.133106,"FullStateDQN(data_quality=1000, data_quality_target=900, throughput=43, throughput_target=60, model_size=1, model_size_target=1, cores=4, free_cores=0, bounds={'data_quality': {'min': 100, 'max': 1000}, 'cores': {'min': 1, 'max': 8}})","FullStateDQN(data_quality=256, data_quality_target=288, throughput=6, throughput_target=5, model_size=2, model_size_target=4, cores=4, free_cores=0, bounds={'model_size': {'min': 1, 'max': 5}, 'data_quality': {'min': 128, 'max': 320}, 'cores': {'min': 1, 'max': 8}})",INC_DATA_QUALITY,DEC_DATA_QUALITY,1.6219899281129193,-0.7502284765905234,3.583519726202285,-14.333748202792814,63.289626359939575,6,63,6.342838687006516,58.805588599590166,0.3428386870065161,4.194411400409834
2025-07-21T20:26:15.243402,"FullStateDQN(data_quality=900, data_quality_target=900, throughput=51, throughput_target=60, model_size=1, model_size_target=1, cores=4, free_cores=0, bounds={'data_quality': {'min': 100, 'max': 1000}, 'cores': {'min': 1, 'max': 8}})","FullStateDQN(data_quality=288, data_quality_target=288, throughput=5, throughput_target=5, model_size=2, model_size_target=4, cores=4, free_cores=0, bounds={'model_size': {'min': 1, 'max': 5}, 'data_quality': {'min': 128, 'max': 320}, 'cores': {'min': 1, 'max': 8}})",DEC_DATA_QUALITY,INC_DATA_QUALITY,1.7297576673642232,-0.5702284765905237,3.583519726202285,-14.153748202792814,59.11023449897766,5,51,5.121514803517651,50.0093306653675,0.12151480351765098,0.9906693346325
